{
  "@class" : "org.jasig.cas.services.RegexRegisteredService",
  "serviceId" : "^https://localhost:8443/cas-services.*",
  "name" : "Services Management Web Application",
  "id" : 52497044623301,
  "description" : "Services Management Web Application",
  "proxyPolicy" : {
    "@class" : "org.jasig.cas.services.RefuseRegisteredServiceProxyPolicy"
  },
  "evaluationOrder" : 2,
  "usernameAttributeProvider" : {
    "@class" : "org.jasig.cas.services.DefaultRegisteredServiceUsernameProvider"
  },
  "logoutType" : "BACK_CHANNEL",
  "attributeReleasePolicy" : {
    "@class" : "org.jasig.cas.services.ReturnAllowedAttributeReleasePolicy",
    "principalAttributesRepository" : {
      "@class" : "org.jasig.cas.authentication.principal.DefaultPrincipalAttributesRepository"
    },
    "authorizedToReleaseCredentialPassword" : false,
    "authorizedToReleaseProxyGrantingTicket" : false
  },
  "accessStrategy" : {
    "@class" : "org.jasig.cas.services.DefaultRegisteredServiceAccessStrategy",
    "enabled" : true,
    "ssoEnabled" : true
  }
}
